valid,date,subject,run,reject_epoch,,,,,,,,,,,,,,,
1,191008,1,1,17,22,30,33,,,,,,,,,,,,
1,191008,1,2,1,6,13,29,30,,,,,,,,,,,
1,191008,1,3,13,40,,,,,,,,,,,,,,
1,191008,1,4,2,11,19,22,24,,,,,,,,,,,
1,191008,1,5,,,,,,,,,,,,,,,,
1,191009,1,1,,,,,,,,,,,,,,,,
1,191009,1,2,,,,,,,,,,,,,,,,
1,191009,1,3,19,39,42,,,,,,,,,,,,,
1,191009,1,4,20,22,23,39,43,,,,,,,,,,,
1,191009,1,5,7,12,36,37,,,,,,,,,,,,
1,191009,1,6,12,16,27,29,36,38,,,,,,,,,,
1,191009,1,7,14,17,19,48,,,,,,,,,,,,
1,191009,1,8,34,,,,,,,,,,,,,,,
1,191009,2,1,1,,,,,,,,,,,,,,,
1,191009,2,2,8,24,,,,,,,,,,,,,,
1,191009,2,3,,,,,,,,,,,,,,,,
1,191009,2,4,,,,,,,,,,,,,,,,
1,191009,2,5,,,,,,,,,,,,,,,,
1,191009,2,6,,,,,,,,,,,,,,,,
1,191009,2,7,4,,,,,,,,,,,,,,,
1,191009,2,8,,,,,,,,,,,,,,,,
1,191010,1,1,,,,,,,,,,,,,,,,
1,191010,1,2,,,,,,,,,,,,,,,,
1,191010,1,3,1,,,,,,,,,,,,,,,
1,191010,1,4,,,,,,,,,,,,,,,,
1,191010,1,5,18,,,,,,,,,,,,,,,
1,191010,1,6,2,4,,,,,,,,,,,,,,
1,191010,1,7,19,,,,,,,,,,,,,,,
1,191010,1,8,47,48,,,,,,,,,,,,,,
1,191010,1,9,15,16,33,,,,,,,,,,,,,
1,191010,1,10,31,,,,,,,,,,,,,,,
1,191015,1,1,1,30,32,33,36,41,47,,,,,,,,,
1,191015,1,2,6,21,27,28,32,36,44,,,,,,,,,
1,191015,1,3,15,17,46,49,50,,,,,,,,,,,
1,191015,1,4,3,14,21,35,43,46,,,,,,,,,,
1,191015,1,5,,,,,,,,,,,,,,,,
1,191016,1,1,5,22,24,49,,,,,,,,,,,,
1,191016,1,2,27,38,40,41,43,45,46,48,50,,,,,,,
1,191016,1,3,11,12,21,24,25,26,30,35,36,37,40,41,,,,
1,191016,1,4,20,22,29,38,45,,,,,,,,,,,
1,191016,1,5,,,,,,,,,,,,,,,,
1,191016,1,6,1,22,,,,,,,,,,,,,,
1,191016,1,7,16,18,20,28,33,43,45,49,,,,,,,,
1,191016,1,8,4,7,10,12,14,16,23,29,30,33,35,,,,,
1,191017,1,1,,,,,,,,,,,,,,,,
1,191017,1,2,1,24,44,46,,,,,,,,,,,,
1,191017,1,3,39,,,,,,,,,,,,,,,
1,191106,1,1,,,,,,,,,,,,,,,,
1,191106,1,2,10,,,,,,,,,,,,,,,
1,191106,1,3,,,,,,,,,,,,,,,,
1,191106,1,4,,,,,,,,,,,,,,,,
1,191106,1,5,12,41,49,,,,,,,,,,,,,
1,191106,1,6,41,,,,,,,,,,,,,,,
1,191106,1,7,21,37,42,45,48,,,,,,,,,,,
1,191106,1,8,7,11,34,42,43,46,,,,,,,,,,
1,191106,1,9,5,,,,,,,,,,,,,,,
1,191106,1,10,,,,,,,,,,,,,,,,
1,191108,1,1,1,,,,,,,,,,,,,,,
1,191108,1,2,,,,,,,,,,,,,,,,
1,191108,1,3,,,,,,,,,,,,,,,,
1,191108,1,4,,,,,,,,,,,,,,,,
1,191108,1,5,,,,,,,,,,,,,,,,
1,191108,1,6,,,,,,,,,,,,,,,,
1,191108,1,7,,,,,,,,,,,,,,,,
1,191108,1,8,8,31,,,,,,,,,,,,,,
1,191108,1,9,1,16,28,34,37,48,50,,,,,,,,,
1,191108,1,10,46,,,,,,,,,,,,,,,
1,191108,1,11,42,,,,,,,,,,,,,,,
1,191108,1,12,48,,,,,,,,,,,,,,,
1,191119,1,1,,,,,,,,,,,,,,,,
1,191119,1,2,,,,,,,,,,,,,,,,
1,191119,1,3,,,,,,,,,,,,,,,,
1,191119,1,4,,,,,,,,,,,,,,,,
1,191119,1,5,,,,,,,,,,,,,,,,
1,191119,1,6,11,26,28,44,,,,,,,,,,,,
1,191119,1,7,,,,,,,,,,,,,,,,
1,191119,1,8,18,,,,,,,,,,,,,,,
1,191119,1,9,,,,,,,,,,,,,,,,
1,191119,1,10,14,,,,,,,,,,,,,,,
1,191119,1,11,6,26,,,,,,,,,,,,,,
1,191119,1,12,48,,,,,,,,,,,,,,,
1,191120,1,1,7,21,47,49,50,,,,,,,,,,,
1,191120,1,2,3,6,10,11,47,48,49,50,,,,,,,,
1,191120,1,3,4,11,13,28,30,33,36,43,,,,,,,,
1,191120,1,4,,,,,,,,,,,,,,,,
1,191120,1,5,24,30,48,,,,,,,,,,,,,
1,191120,1,6,9,12,18,28,37,,,,,,,,,,,
1,191120,1,7,,,,,,,,,,,,,,,,
1,191120,1,8,1,10,43,50,,,,,,,,,,,,
1,191120,1,9,,,,,,,,,,,,,,,,
1,191120,1,10,,,,,,,,,,,,,,,,
1,191120,1,11,29,40,,,,,,,,,,,,,,
1,191120,1,12,32,34,35,,,,,,,,,,,,,
1,191121,1,1,,,,,,,,,,,,,,,,
1,191121,1,2,48,,,,,,,,,,,,,,,
1,191121,1,3,4,23,,,,,,,,,,,,,,
1,191121,1,4,9,,,,,,,,,,,,,,,
1,191121,1,5,15,19,,,,,,,,,,,,,,
1,191121,1,6,23,30,49,,,,,,,,,,,,,
1,191121,1,7,10,18,29,30,42,46,,,,,,,,,,
1,191121,1,8,,,,,,,,,,,,,,,,
1,191121,1,9,9,17,20,32,38,42,,,,,,,,,,
1,191121,1,10,13,27,,,,,,,,,,,,,,
1,191126,1,1,,,,,,,,,,,,,,,,
1,191126,1,2,,,,,,,,,,,,,,,,
1,191126,1,3,17,46,,,,,,,,,,,,,,
1,191128,1,1,10,23,46,,,,,,,,,,,,,
1,191128,1,2,,,,,,,,,,,,,,,,
1,191128,1,3,,,,,,,,,,,,,,,,
1,191128,1,4,20,30,,,,,,,,,,,,,,
1,191128,1,5,10,40,,,,,,,,,,,,,,
1,191128,1,6,17,30,32,45,48,,,,,,,,,,,
1,191128,1,7,7,11,14,32,38,43,,,,,,,,,,
1,191128,1,8,21,,,,,,,,,,,,,,,
1,191128,1,9,3,23,26,47,,,,,,,,,,,,
1,191128,1,10,4,8,12,15,48,,,,,,,,,,,
1,191128,1,11,20,25,33,37,,,,,,,,,,,,
1,191128,1,12,1,5,24,38,44,,,,,,,,,,,
1,191129,1,1,,,,,,,,,,,,,,,,
1,191129,1,2,6,50,,,,,,,,,,,,,,
1,191129,1,3,23,24,,,,,,,,,,,,,,
1,191129,1,4,24,30,39,,,,,,,,,,,,,
1,191129,1,5,4,5,8,9,17,18,19,25,26,30,,,,,,
1,191129,1,6,11,35,,,,,,,,,,,,,,
1,191129,1,7,13,27,,,,,,,,,,,,,,
1,191129,1,8,2,27,43,47,48,49,50,,,,,,,,,
1,191129,1,9,2,3,4,5,6,7,8,9,12,17,24,26,27,38,47,
1,191129,1,10,,,,,,,,,,,,,,,,
1,191205,1,1,,,,,,,,,,,,,,,,
1,191205,1,2,,,,,,,,,,,,,,,,
1,191205,1,3,,,,,,,,,,,,,,,,
1,191205,1,4,,,,,,,,,,,,,,,,
1,191205,1,5,,,,,,,,,,,,,,,,
1,191205,1,6,,,,,,,,,,,,,,,,
1,191205,1,7,6,12,,,,,,,,,,,,,,
1,191205,1,8,,,,,,,,,,,,,,,,
1,191205,1,9,,,,,,,,,,,,,,,,
1,191205,1,10,,,,,,,,,,,,,,,,
1,191205,1,11,32,,,,,,,,,,,,,,,
1,191205,1,12,,,,,,,,,,,,,,,,
0,191210,1,1,2,11,44,,,,,,,,,,,,,
0,191210,1,2,5,8,13,22,23,27,29,32,46,49,,,,,,
0,191210,1,3,6,9,23,25,36,39,42,45,48,50,,,,,,
0,191210,1,4,2,4,8,20,26,29,34,,,,,,,,,
0,191210,1,5,6,16,24,26,34,41,44,48,,,,,,,,
0,191210,1,6,9,,,,,,,,,,,,,,,
0,191210,1,7,22,24,28,41,46,50,,,,,,,,,,
0,191210,1,8,1,8,9,11,12,17,18,24,26,27,30,32,35,44,,
0,191210,1,9,22,33,34,38,39,43,45,,,,,,,,,
0,191210,1,10,5,7,8,9,11,14,15,18,19,23,25,30,32,34,41,45
1,191211,1,1,1,14,,,,,,,,,,,,,,
1,191211,1,2,24,28,40,43,,,,,,,,,,,,
1,191211,1,3,9,20,25,31,,,,,,,,,,,,
1,191211,1,4,11,17,20,25,36,38,43,44,49,,,,,,,
1,191211,1,5,7,12,19,20,22,23,24,27,30,32,33,34,35,37,39,41
1,191211,1,6,3,19,22,23,29,34,39,41,,,,,,,,
1,191211,1,7,3,8,35,47,,,,,,,,,,,,
1,191211,1,8,1,15,21,29,31,35,,,,,,,,,,
1,191211,1,9,12,23,28,48,,,,,,,,,,,,
1,191211,1,10,3,20,21,32,39,,,,,,,,,,,
1,191212,1,1,1,45,,,,,,,,,,,,,,
1,191212,1,2,2,,,,,,,,,,,,,,,
1,191212,1,3,5,15,19,22,26,30,39,,,,,,,,,
1,191212,1,4,4,5,15,49,,,,,,,,,,,,
1,191212,1,5,1,14,31,50,,,,,,,,,,,,
1,191212,1,6,13,24,43,,,,,,,,,,,,,
1,191213,1,1,2,4,12,33,48,,,,,,,,,,,
1,191213,1,2,4,7,18,27,33,37,42,50,,,,,,,,
1,191213,1,3,6,11,17,18,28,32,34,39,43,50,,,,,,
1,191213,1,4,5,7,8,20,25,29,33,40,42,48,,,,,,
1,191213,1,5,1,15,16,31,37,42,43,46,49,,,,,,,
1,191213,1,6,3,5,8,14,16,17,22,26,29,36,39,50,,,,
1,191213,1,7,22,49,,,,,,,,,,,,,,
1,191213,1,8,3,17,20,23,32,38,44,45,47,49,,,,,,
1,191213,1,9,9,17,20,23,24,26,28,35,38,39,41,45,47,49,50,
1,191213,1,10,22,31,45,,,,,,,,,,,,,
1,191213,1,11,27,28,40,48,,,,,,,,,,,,
1,191213,1,12,8,11,,,,,,,,,,,,,,
1,200106,1,1,,,,,,,,,,,,,,,,
1,200106,1,2,,,,,,,,,,,,,,,,
1,200106,1,3,,,,,,,,,,,,,,,,
1,200106,1,4,,,,,,,,,,,,,,,,
1,200106,1,5,,,,,,,,,,,,,,,,
1,200106,1,6,,,,,,,,,,,,,,,,
1,200106,1,7,,,,,,,,,,,,,,,,
1,200106,1,8,32,,,,,,,,,,,,,,,
1,200106,1,9,,,,,,,,,,,,,,,,
1,200106,1,10,,,,,,,,,,,,,,,,
1,200106,1,11,5,,,,,,,,,,,,,,,
1,200107,1,1,13,26,30,33,44,45,47,,,,,,,,,
1,200107,1,2,,,,,,,,,,,,,,,,
1,200107,1,3,20,,,,,,,,,,,,,,,
1,200107,1,4,,,,,,,,,,,,,,,,
1,200107,1,5,4,,,,,,,,,,,,,,,
1,200107,1,6,15,32,37,43,,,,,,,,,,,,
1,200107,1,7,14,25,38,,,,,,,,,,,,,
1,200107,1,8,,,,,,,,,,,,,,,,
1,200107,1,9,12,,,,,,,,,,,,,,,
1,200107,1,10,,,,,,,,,,,,,,,,
1,200107,1,11,,,,,,,,,,,,,,,,
1,200107,1,12,,,,,,,,,,,,,,,,
1,200108,1,1,46,,,,,,,,,,,,,,,
1,200108,1,2,,,,,,,,,,,,,,,,
1,200108,1,3,,,,,,,,,,,,,,,,
1,200108,1,4,,,,,,,,,,,,,,,,
1,200108,1,5,42,,,,,,,,,,,,,,,
1,200108,1,6,7,47,48,,,,,,,,,,,,,
1,200108,1,7,13,,,,,,,,,,,,,,,
1,200108,1,8,14,29,,,,,,,,,,,,,,
1,200108,1,9,38,,,,,,,,,,,,,,,
1,200108,1,10,,,,,,,,,,,,,,,,
1,200109,1,1,,,,,,,,,,,,,,,,
1,200109,1,2,,,,,,,,,,,,,,,,
1,200109,1,3,10,,,,,,,,,,,,,,,
1,200109,1,4,,,,,,,,,,,,,,,,
1,200109,1,5,44,,,,,,,,,,,,,,,
1,200109,1,6,,,,,,,,,,,,,,,,
1,200109,1,7,,,,,,,,,,,,,,,,
1,200109,1,8,,,,,,,,,,,,,,,,
1,200109,1,9,,,,,,,,,,,,,,,,
1,200109,1,10,,,,,,,,,,,,,,,,
1,200109,1,11,,,,,,,,,,,,,,,,
1,200109,1,12,,,,,,,,,,,,,,,,
1,200110,1,1,,,,,,,,,,,,,,,,
1,200110,1,2,,,,,,,,,,,,,,,,
1,200110,1,3,,,,,,,,,,,,,,,,
1,200110,1,4,,,,,,,,,,,,,,,,
1,200110,1,5,,,,,,,,,,,,,,,,
1,200110,1,6,,,,,,,,,,,,,,,,
1,200110,1,7,,,,,,,,,,,,,,,,
1,200110,1,8,,,,,,,,,,,,,,,,
1,200110,1,9,29,,,,,,,,,,,,,,,
1,200110,1,10,,,,,,,,,,,,,,,,
1,200110,1,11,38,,,,,,,,,,,,,,,
1,200110,1,12,45,47,,,,,,,,,,,,,,
1,200114,1,1,,,,,,,,,,,,,,,,
1,200114,1,2,,,,,,,,,,,,,,,,
1,200114,1,3,,,,,,,,,,,,,,,,
1,200114,1,4,,,,,,,,,,,,,,,,
1,200114,1,5,,,,,,,,,,,,,,,,
1,200114,1,6,21,,,,,,,,,,,,,,,
1,200114,1,7,,,,,,,,,,,,,,,,
1,200114,1,8,4,9,15,20,46,47,50,,,,,,,,,
1,200114,1,9,,,,,,,,,,,,,,,,
1,200114,1,10,,,,,,,,,,,,,,,,
1,200114,1,11,,,,,,,,,,,,,,,,
1,200115,1,1,,,,,,,,,,,,,,,,
1,200115,1,2,32,,,,,,,,,,,,,,,
1,200115,1,3,,,,,,,,,,,,,,,,
1,200115,1,4,,,,,,,,,,,,,,,,
1,200115,1,5,11,41,,,,,,,,,,,,,,
1,200115,1,6,,,,,,,,,,,,,,,,
1,200115,1,7,,,,,,,,,,,,,,,,
1,200115,1,8,,,,,,,,,,,,,,,,
1,200115,1,9,,,,,,,,,,,,,,,,
1,200115,1,10,,,,,,,,,,,,,,,,
1,200115,1,11,,,,,,,,,,,,,,,,
1,200115,1,12,,,,,,,,,,,,,,,,
0,200116,1,1,,,,,,,,,,,,,,,,
0,200116,1,2,,,,,,,,,,,,,,,,
0,200116,1,3,,,,,,,,,,,,,,,,
0,200116,1,4,,,,,,,,,,,,,,,,
0,200116,1,5,,,,,,,,,,,,,,,,
0,200116,1,6,,,,,,,,,,,,,,,,
0,200116,1,7,,,,,,,,,,,,,,,,
0,200116,1,8,,,,,,,,,,,,,,,,
0,200116,1,9,,,,,,,,,,,,,,,,
1,200117,1,1,,,,,,,,,,,,,,,,
1,200117,1,2,,,,,,,,,,,,,,,,
1,200117,1,3,,,,,,,,,,,,,,,,
1,200117,1,4,,,,,,,,,,,,,,,,
1,200117,1,5,,,,,,,,,,,,,,,,
1,200117,1,6,,,,,,,,,,,,,,,,
1,200117,1,7,,,,,,,,,,,,,,,,
1,200117,1,8,,,,,,,,,,,,,,,,
1,200117,1,9,,,,,,,,,,,,,,,,
1,200117,1,10,,,,,,,,,,,,,,,,
1,200117,1,11,,,,,,,,,,,,,,,,
1,200117,1,12,,,,,,,,,,,,,,,,
1,200130,1,1,5,11,36,,,,,,,,,,,,,
1,200130,1,2,7,15,37,49,,,,,,,,,,,,
1,200130,1,3,8,16,25,35,42,,,,,,,,,,,
1,200130,1,4,37,44,,,,,,,,,,,,,,
1,200130,1,5,3,29,35,,,,,,,,,,,,,
1,200130,1,6,27,38,50,,,,,,,,,,,,,
1,200130,1,7,31,36,37,44,,,,,,,,,,,,
1,200130,1,8,30,,,,,,,,,,,,,,,
1,200130,1,9,2,29,37,38,39,40,41,42,43,44,45,46,47,48,49,50
1,200130,1,10,2,18,,,,,,,,,,,,,,
1,200130,1,11,3,47,48,,,,,,,,,,,,,
1,200130,1,12,,,,,,,,,,,,,,,,
0,200131,1,1,6,47,48,49,50,,,,,,,,,,,
0,200131,1,2,20,40,,,,,,,,,,,,,,
0,200131,1,3,20,34,35,,,,,,,,,,,,,
0,200131,1,4,1,10,13,24,25,44,46,,,,,,,,,
0,200131,1,5,11,12,18,,,,,,,,,,,,,
0,200131,1,6,28,,,,,,,,,,,,,,,
1,200226,1,1,,,,,,,,,,,,,,,,
1,200226,1,2,,,,,,,,,,,,,,,,
1,200226,1,3,2,9,,,,,,,,,,,,,,
1,200226,1,4,,,,,,,,,,,,,,,,
1,200226,1,5,27,,,,,,,,,,,,,,,
1,200226,1,6,36,,,,,,,,,,,,,,,
1,200226,1,7,17,23,38,,,,,,,,,,,,,
1,200226,1,8,31,39,,,,,,,,,,,,,,
1,200226,1,9,16,20,,,,,,,,,,,,,,
1,200226,1,10,18,32,40,,,,,,,,,,,,,
1,200226,1,11,16,18,42,,,,,,,,,,,,,
1,200226,1,12,14,16,40,,,,,,,,,,,,,
1,200227,1,1,,,,,,,,,,,,,,,,
1,200227,1,2,18,22,27,31,32,38,40,44,,,,,,,,
1,200227,1,3,27,43,,,,,,,,,,,,,,
1,200227,1,4,4,11,16,19,26,31,32,33,35,36,40,,,,,
1,200227,1,5,7,10,13,17,22,23,26,29,32,33,36,38,39,45,,
1,200227,1,6,10,11,20,25,27,34,40,44,46,,,,,,,
1,200227,1,7,4,6,8,11,14,23,24,30,31,38,,,,,,
1,200227,1,8,4,7,15,27,44,,,,,,,,,,,
1,200227,1,9,8,,,,,,,,,,,,,,,
1,200227,1,10,12,17,35,38,41,43,44,45,,,,,,,,
1,200227,1,11,5,11,25,42,44,,,,,,,,,,,
1,200227,1,12,8,16,18,21,22,35,49,,,,,,,,,
1,200228,1,1,11,44,,,,,,,,,,,,,,
1,200228,1,2,7,,,,,,,,,,,,,,,
1,200228,1,3,,,,,,,,,,,,,,,,
1,200228,1,4,9,33,,,,,,,,,,,,,,
1,200228,1,5,38,,,,,,,,,,,,,,,
1,200228,1,6,15,,,,,,,,,,,,,,,
1,200228,1,7,25,,,,,,,,,,,,,,,
1,200228,1,8,1,19,21,22,35,,,,,,,,,,,
1,200228,1,9,13,,,,,,,,,,,,,,,
1,200228,1,10,8,39,,,,,,,,,,,,,,
1,200228,1,11,34,,,,,,,,,,,,,,,
1,200228,1,12,,,,,,,,,,,,,,,,
1,200228,2,1,,,,,,,,,,,,,,,,
1,200228,2,2,35,,,,,,,,,,,,,,,
1,200228,2,3,,,,,,,,,,,,,,,,
1,200228,2,4,2,4,21,40,,,,,,,,,,,,
1,200228,2,5,,,,,,,,,,,,,,,,
1,200228,2,6,22,37,40,,,,,,,,,,,,,
1,200228,2,7,13,17,32,,,,,,,,,,,,,
1,200228,2,8,12,40,,,,,,,,,,,,,,
1,200228,2,9,,,,,,,,,,,,,,,,
1,200303,1,1,20,21,24,31,33,38,50,,,,,,,,,
1,200303,1,2,6,11,17,25,28,,,,,,,,,,,
1,200303,1,3,,,,,,,,,,,,,,,,
1,200309,1,1,,,,,,,,,,,,,,,,
1,200309,1,2,,,,,,,,,,,,,,,,
1,200309,1,3,,,,,,,,,,,,,,,,
1,200309,1,4,,,,,,,,,,,,,,,,
1,200309,1,5,44,,,,,,,,,,,,,,,
1,200309,1,6,15,,,,,,,,,,,,,,,
1,200309,1,7,,,,,,,,,,,,,,,,
1,200309,1,8,28,,,,,,,,,,,,,,,
1,200309,1,9,,,,,,,,,,,,,,,,
1,200309,1,10,,,,,,,,,,,,,,,,
1,200309,1,11,,,,,,,,,,,,,,,,
1,200309,1,12,4,31,,,,,,,,,,,,,,
1,200310,1,1,,,,,,,,,,,,,,,,
1,200310,1,2,25,45,,,,,,,,,,,,,,
1,200310,1,3,18,40,47,50,,,,,,,,,,,,
1,200310,1,4,11,31,40,44,,,,,,,,,,,,
1,200310,1,5,27,47,,,,,,,,,,,,,,
1,200310,1,6,6,13,14,24,38,,,,,,,,,,,
1,200310,1,7,13,15,31,32,45,47,,,,,,,,,,
1,200310,1,8,16,23,28,41,45,47,50,,,,,,,,,
1,200310,1,9,7,24,26,28,36,42,43,,,,,,,,,
1,200310,1,10,20,21,28,29,30,34,41,,,,,,,,,
1,200310,1,11,10,11,36,37,38,,,,,,,,,,,
1,200310,1,12,16,35,44,,,,,,,,,,,,,
1,200616,1,1,,,,,,,,,,,,,,,,
1,200616,1,2,,,,,,,,,,,,,,,,
1,200616,1,3,,,,,,,,,,,,,,,,
1,200616,1,4,40,,,,,,,,,,,,,,,
1,200616,1,5,,,,,,,,,,,,,,,,
1,200616,1,6,26,47,,,,,,,,,,,,,,
1,200616,1,7,,,,,,,,,,,,,,,,
1,200616,1,8,13,29,,,,,,,,,,,,,,
1,200616,1,9,,,,,,,,,,,,,,,,
1,200616,1,10,,,,,,,,,,,,,,,,
1,200616,1,11,,,,,,,,,,,,,,,,
1,200616,1,12,,,,,,,,,,,,,,,,
1,200625,1,1,,,,,,,,,,,,,,,,
1,200625,1,2,,,,,,,,,,,,,,,,
1,200625,1,3,,,,,,,,,,,,,,,,
1,200625,1,4,34,40,,,,,,,,,,,,,,
1,200625,1,5,23,,,,,,,,,,,,,,,
1,200625,1,6,,,,,,,,,,,,,,,,
1,200625,1,7,18,,,,,,,,,,,,,,,
1,200625,1,8,4,22,37,,,,,,,,,,,,,
1,200625,1,9,,,,,,,,,,,,,,,,
1,200625,1,10,,,,,,,,,,,,,,,,
1,200625,1,11,,,,,,,,,,,,,,,,
1,200625,1,12,23,,,,,,,,,,,,,,,
1,200626,1,1,,,,,,,,,,,,,,,,
1,200626,1,2,,,,,,,,,,,,,,,,
1,200626,1,3,1,,,,,,,,,,,,,,,
1,200626,1,4,14,17,,,,,,,,,,,,,,
1,200626,1,5,6,16,21,36,,,,,,,,,,,,
1,200626,1,6,3,29,30,,,,,,,,,,,,,
1,200626,1,7,13,33,34,48,,,,,,,,,,,,
1,200626,1,8,6,,,,,,,,,,,,,,,
1,200626,1,9,32,,,,,,,,,,,,,,,
1,200626,1,10,4,5,18,29,45,,,,,,,,,,,
1,200626,1,11,19,,,,,,,,,,,,,,,
1,200626,1,12,,,,,,,,,,,,,,,,
1,200629,1,1,17,20,22,24,44,47,,,,,,,,,,
1,200629,1,2,17,23,25,26,27,,,,,,,,,,,
1,200629,1,3,1,9,26,,,,,,,,,,,,,
1,200629,1,4,35,36,,,,,,,,,,,,,,
1,200629,1,5,3,23,37,38,,,,,,,,,,,,
1,200629,1,6,47,,,,,,,,,,,,,,,
1,200629,1,7,24,28,,,,,,,,,,,,,,
1,200629,1,8,17,,,,,,,,,,,,,,,
1,200629,1,9,14,26,38,,,,,,,,,,,,,
1,200629,1,10,8,10,12,18,19,,,,,,,,,,,
1,200629,1,11,42,43,,,,,,,,,,,,,,
1,200629,1,12,27,30,,,,,,,,,,,,,,
1,200706,1,1,22,41,,,,,,,,,,,,,,
1,200706,1,2,6,10,17,21,29,30,,,,,,,,,,
1,200706,1,3,8,9,16,27,30,35,39,,,,,,,,,
1,200706,1,4,11,28,30,49,,,,,,,,,,,,
1,200706,1,5,13,21,22,43,44,46,,,,,,,,,,
1,200706,1,6,28,36,40,,,,,,,,,,,,,
1,200706,1,7,3,46,,,,,,,,,,,,,,
1,200706,1,8,,,,,,,,,,,,,,,,
1,200706,1,9,15,,,,,,,,,,,,,,,
1,200706,1,10,1,,,,,,,,,,,,,,,
1,200706,1,11,,,,,,,,,,,,,,,,
1,200706,1,12,,,,,,,,,,,,,,,,
1,200708,1,1,41,,,,,,,,,,,,,,,
1,200708,1,2,1,,,,,,,,,,,,,,,
1,200708,1,3,,,,,,,,,,,,,,,,
1,200708,1,4,,,,,,,,,,,,,,,,
1,200708,1,5,7,,,,,,,,,,,,,,,
1,200708,1,6,26,,,,,,,,,,,,,,,
1,200708,1,7,47,48,,,,,,,,,,,,,,
1,200708,1,8,,,,,,,,,,,,,,,,
1,200708,1,9,4,33,,,,,,,,,,,,,,
1,200708,1,10,,,,,,,,,,,,,,,,
1,200708,1,11,,,,,,,,,,,,,,,,
1,200708,1,12,,,,,,,,,,,,,,,,
1,200709,1,1,,,,,,,,,,,,,,,,
1,200709,1,2,,,,,,,,,,,,,,,,
1,200709,1,3,,,,,,,,,,,,,,,,
1,200709,1,4,,,,,,,,,,,,,,,,
1,200709,1,5,9,22,24,,,,,,,,,,,,,
1,200709,1,6,29,,,,,,,,,,,,,,,
1,200709,1,7,10,48,,,,,,,,,,,,,,
1,200709,1,8,27,,,,,,,,,,,,,,,
1,200709,1,9,5,27,29,,,,,,,,,,,,,
1,200709,1,10,8,14,15,17,21,27,34,,,,,,,,,
1,200710,1,1,,,,,,,,,,,,,,,,
1,200710,1,2,2,,,,,,,,,,,,,,,
1,200710,1,3,25,41,,,,,,,,,,,,,,
1,200710,1,4,43,,,,,,,,,,,,,,,
1,200710,1,5,28,29,30,,,,,,,,,,,,,
1,200710,1,6,,,,,,,,,,,,,,,,
1,200710,1,7,2,3,11,14,17,21,27,35,36,40,46,49,,,,
1,200710,1,8,42,,,,,,,,,,,,,,,
1,200710,1,9,,,,,,,,,,,,,,,,
1,200710,1,10,8,32,,,,,,,,,,,,,,
1,200710,1,11,8,9,,,,,,,,,,,,,,
1,200710,1,12,13,29,,,,,,,,,,,,,,
1,200714,1,1,1,,,,,,,,,,,,,,,
1,200714,1,2,17,40,48,,,,,,,,,,,,,
1,200714,1,3,22,34,,,,,,,,,,,,,,
1,200714,1,4,8,11,17,22,,,,,,,,,,,,
1,200714,1,5,14,16,26,27,38,40,44,47,49,,,,,,,
1,200714,1,6,26,,,,,,,,,,,,,,,
1,200714,1,7,,,,,,,,,,,,,,,,
1,200714,1,8,24,,,,,,,,,,,,,,,
1,200715,1,1,,,,,,,,,,,,,,,,
1,200715,1,2,,,,,,,,,,,,,,,,
1,200715,1,3,,,,,,,,,,,,,,,,
1,200715,1,4,,,,,,,,,,,,,,,,
1,200716,1,1,,,,,,,,,,,,,,,,
1,200716,1,2,17,,,,,,,,,,,,,,,
1,200716,1,3,,,,,,,,,,,,,,,,
1,200716,1,4,,,,,,,,,,,,,,,,
1,200716,1,5,,,,,,,,,,,,,,,,
1,200716,1,6,,,,,,,,,,,,,,,,
1,200716,1,7,,,,,,,,,,,,,,,,
1,200716,1,8,25,,,,,,,,,,,,,,,
1,200720,1,1,,,,,,,,,,,,,,,,
1,200720,1,2,,,,,,,,,,,,,,,,
1,200720,1,3,,,,,,,,,,,,,,,,
1,200720,1,4,,,,,,,,,,,,,,,,
1,200720,1,5,35,,,,,,,,,,,,,,,
1,200720,1,6,30,,,,,,,,,,,,,,,
1,200720,1,7,10,14,22,43,48,,,,,,,,,,,
1,200720,1,8,11,,,,,,,,,,,,,,,
1,200720,1,9,,,,,,,,,,,,,,,,
1,200720,1,10,,,,,,,,,,,,,,,,
1,200720,1,11,,,,,,,,,,,,,,,,
1,200720,1,12,,,,,,,,,,,,,,,,
1,200721,1,1,,,,,,,,,,,,,,,,
1,200721,1,2,,,,,,,,,,,,,,,,
1,200721,1,3,,,,,,,,,,,,,,,,
1,200721,1,4,25,,,,,,,,,,,,,,,
1,200721,1,5,,,,,,,,,,,,,,,,
1,200722,1,1,,,,,,,,,,,,,,,,
1,200722,1,2,,,,,,,,,,,,,,,,
1,200722,1,3,17,24,27,35,,,,,,,,,,,,
1,200722,1,4,19,25,34,36,40,,,,,,,,,,,
1,200722,1,5,8,19,25,42,43,,,,,,,,,,,
1,200722,1,6,10,15,18,39,,,,,,,,,,,,
1,200722,1,7,17,,,,,,,,,,,,,,,
1,200722,1,8,,,,,,,,,,,,,,,,
1,200722,1,9,18,,,,,,,,,,,,,,,
1,200727,1,1,7,13,,,,,,,,,,,,,,
1,200727,1,2,22,,,,,,,,,,,,,,,
1,200727,1,3,,,,,,,,,,,,,,,,
1,200727,1,4,,,,,,,,,,,,,,,,
1,200727,1,5,7,,,,,,,,,,,,,,,
1,200727,1,6,,,,,,,,,,,,,,,,
1,200727,1,7,,,,,,,,,,,,,,,,
1,200727,1,8,,,,,,,,,,,,,,,,
1,200727,1,9,,,,,,,,,,,,,,,,
1,200727,1,10,,,,,,,,,,,,,,,,
1,200727,1,11,,,,,,,,,,,,,,,,
1,200727,1,12,,,,,,,,,,,,,,,,
